text,css,name
,empty,null
2015 Drivers,label,null
Fernando Alonso,FernandoAlonso,null
Valtteri Bottas,ValtteriBottas,null
Jenson Button,JensonButton,null
Marcus Ericsson,MarcusEricsson,null
Romain Grosjean,RomainGrosjean,null
Lewis Hamilton,LewisHamilton,null
Nico Hülkenberg,NicoHulkenberg,null
Daniil Kvyat,DaniilKvyat,null
Pastor Maldonado,PastorMaldonado,null
Felipe Massa,FelipeMassa,null
Felipe Nasr,FelipeNasr,null
Sergio Pérez,SergioPerez,null
Kimi Räikkönen,KimiRaikkonen,null
Daniel Ricciardo,DanielRicciardo,null
Nico Rosberg,NicoRosberg,null
Carlos Sainz Jr.,CarlosSainzJr,null
Max Verstappen,MaxVerstappen,null
Sebastian Vettel,SebastianVettel,null
2015 Teams,label,null
Ferrari,Ferrari,null
Force India,ForceIndia,null
Lotus,Lotus,null
Manor,Manor,null
Mercedes,Mercedes,null
McLaren,McLaren,null
Red Bull,RedBull,null
Sauber,Sauber,null
Toro Rosso,ToroRosso,null
Williams,Williams,null
Other Drivers,label,null
Christijan Albers,ChristijanAlbers,null
Jean Alesi,JeanAlesi,null
Jaime Alguersuari,JamieAlguersuari,null
Chris Amon,ChrisAmon,null
Mario Andretti,MarioAndretti,null
Michael Andretti,MichaelAndretti,null
Alberto Ascari,AlbertoAscari,null
Luca Badoer,LucaBadoer,null
Rubens Barrichello,RubensBarrichello,null
Stefan Bellof,StefanBellof,null
Gerhard Berger,GerhardBerger,null
Jules Bianchi,JulesBianchi,null
Thierry Boutsen,ThierryBoutsen,null
Jack Brabham,JackBrabham,null
Martin Brundle,MartinBrundle,null
Luciano Burti,LucianoBurti,null
François Cevert,FrancoisCevert,null
Karun Chandhok,KarunChandok,null
Eddie Cheever,EddieCheever,null
Max Chilton,MaxChilton,null
Jim Clark,JimClark,null
David Coulthard,DavidCoulthard,null
Jerome d'Ambrosio,JeromedAmbrosio,null
António Félix da Costa,AntonioFelixdaCosta,null
Elio de Angelis,EliodeAngelis,null
Pedro de la Rosa,PedrodelaRosa,null
Patrick Depailler,PatrickDepailler,null
Paul di Resta,PauldiResta,null
Teo Fabi,TeoFabi,null
Juan Manuel Fangio,JuanManuelFangio,null
Giuseppe Farina,GiuseppeFarina,null
Giancarlo Fisichella,GiancarloFisichella,null
Emerson Fittipaldi,EmersonFittipaldi,null
Heinz-Harald Frentzen,HeinzHaraldFrenzen,null
Timo Glock,TimoGlock,null
Esteban Gutiérrez,EstebanGutierrez,null
Mika Häkkinen,MikaHakkinen,null
Mike Hawthorn,MikeHawthorn,null
Nick Heidfeld,NickHeidfeld,null
Damon Hill,DamonHill,null
Graham Hill,GrahamHill,null
Phil Hill,PhilHill,null
Denny Hulme,DennyHulme,null
James Hunt,JamesHunt,null
Jacky Ickx,JackyIckx,null
Yuji Ide,YujiIde,null
Eddie Irvine,EddieIrvine,null
Taki Inoue,TakiInoue,null
Alan Jones,AlanJones,null
Carmen Jordá,CarmenJorda,null
Narain Karthikeyan,NarainKarthikeyan,null
Kamui Kobayashi,KamuiKobayashi,null
Heikki Kovalainen,HeikkiKovalainen,null
Robert Kubica,RobertKubica,null
Niki Lauda,NikiLauda,null
André Lotterer,AndreLotterer,null
Kevin Magnussen,KevinMagnussen,null
Nigel Mansell,NigelMansell,null
Gastón Mazzacane,GastonMazzacane,null
Bruce McLaren,BruceMcLaren,null
Juan Pablo Montoya,JuanPabloMontoya,null
Stirling Moss,StirlingMoss,null
Carlos Pace,CarlosPace,null
Ronnie Peterson,RonniePeterson,null
Vitaly Petrov,VitalyPetrov,null
Riccardo Patrese,RiccardoPatrese,null
Charles Pic,CharlesPic,null
Nelson Piquet,NelsonPiquet,null
Alain Prost,AlainProst,null
Tom Pryce,TomPryce,null
David Purley,DavidPurley,null
Luiz Razia,LuizRazia,null
Carlos Reutemann,CarlosReutemann,null
Jochen Rindt,JochenRindt,null
Alexander Rossi,AlexanderRossi,null
Takuma Sato,TakumaSato,null
Keke Rosberg,KekeRosberg,null
Jody Scheckter,JodyScheckter,null
Michael Schumacher,MichaelSchumacher,null
Ralf Schumacher,RalfSchumacher,null
Ayrton Senna,AyrtonSenna,null
Bruno Senna,BrunoSenna,null
Scott Speed,ScottSpeed,null
Jackie Stewart,JackieStewart,null
John Surtees,JohnSurtees,null
Adrian Sutil,AdrianSutil,null
Aguri Suzuki,AguriSuzuki,null
Jarno Trulli,JarnoTrulli,null
Giedo van der Garde,GiedovanderGarde,null
Jean-Éric Vergne,JeanEricVergne,null
Jos Verstappen,JosVerstappen,null
Gilles Villeneuve,GillesVilleneuve,null
Jacques Villeneuve,JacquesVilleneuve,null
Robert Visoiu,RobertVisoiu,null
Mark Webber,MarkWebber,null
John Watson,JohnWatson,null
Susie Wolff,SusieWolff,null
Alexander Wurz,AlexanderWurz,null
Alex Zanardi,AlexZanardi,null
Alternate Helmets,label,null
Jenson Button,JensonButton2009,null
Jenson Button,JensonButtonPink,null
Lewis Hamilton,LewisHamiltonYellow,null
Heikki Kovalainen,HeikkiKovalainen2,null
Michael Schumacher,MichaelSchumacher1990s,null
Sebastian Vettel,SebastianVettel2014,null
Other Teams,label,null
Alfa Romeo,AlfaRomeo,null
Alfa Romeo,AlfaRomeoQuadrifoglio,null
Andrea Moda,AndreaModa,null
Anglo American Racers,AngloAmericanRacers,null
Arrows,Arrows,null
Arrows,ArrowsOrange,null
BAR Honda,BARHonda,null
Benetton,Benetton,null
BMW Sauber,BMWSauber,null
BMW Williams,BMWWilliams,null
Brabham,Brabham,null
Brawn GP,BrawnGP,null
BRM,BRM,null
Caterham,Caterham,null
Coloni,Coloni,null
De Tomaso,DeTomaso,null
Fittipaldi Copersucar,FittipaldiCopersucar,null
Fittipaldi Copersucar,FittipaldiCopersucar2,null
Footwork,Footwork,null
Forti,Forti,null
Haas,Haas,null
Hesketh,Hesketh,null
Honda R & D Company,HondaRDCompany,null
Honda Racing,HondaRacing,null
HRT,HRT,null
Jaguar,Jaguar,null
Jordan,Jordan,null
Jordan GP,JordanGP,null
Larrousse,Larrousse,null
Life,Life,null
Ligier,Ligier,null
March,March,null
Marussia,Marussia,null
Matra,Matra,null
Midland,Midland,null
Minardi,Minardi,null
Renault,Renault,null
Repco Brabham,RepcoBrabham,null
Super Aguri,SuperAguri,null
Team Lotus,TeamLotus,null
Toleman,Toleman,null
Toyota,Toyota,null
Tyrrell,Tyrrell,null
US F1,USF1,null
Virgin Racing,VirginRacing,null
Walter Wolf,WalterWolf,null
